{
  "method": "isotonic",
  "x_thresholds": [
    0.06629770994186401,
    0.1320924013853073,
    0.13217324018478394,
    0.18080884218215942,
    0.18081624805927277,
    0.26652655005455017,
    0.2665441334247589,
    0.347819983959198,
    0.34784919023513794,
    0.5399937033653259,
    0.5401027202606201,
    0.554610550403595,
    0.5546274185180664,
    0.7472031712532043,
    0.7513641715049744,
    0.7834689021110535,
    0.7932371497154236,
    0.8183102607727051,
    0.8343760371208191,
    0.8642412424087524
  ],
  "y_thresholds": [
    0.0,
    0.0,
    0.037974681705236435,
    0.037974681705236435,
    0.03846153989434242,
    0.03846153989434242,
    0.04250559210777283,
    0.04250559210777283,
    0.045267488807439804,
    0.045267488807439804,
    0.05882352963089943,
    0.05882352963089943,
    0.06796116381883621,
    0.06796116381883621,
    0.13333334028720856,
    0.13333334028720856,
    0.1666666716337204,
    0.1666666716337204,
    0.6666666865348816,
    0.6666666865348816
  ]
}