{
  "method": "isotonic",
  "x_thresholds": [
    0.11916175484657288,
    0.14252032339572906,
    0.14953196048736572,
    0.2688286006450653,
    0.26892518997192383,
    0.32445916533470154,
    0.32447025179862976,
    0.3323270082473755,
    0.33234477043151855,
    0.36596372723579407,
    0.3659961223602295,
    0.43206077814102173,
    0.4321214556694031,
    0.4339405596256256,
    0.4339699149131775,
    0.49654051661491394,
    0.49668821692466736,
    0.558012843132019,
    0.5580152273178101,
    0.6774706244468689,
    0.6775375008583069,
    0.7245168685913086,
    0.724878191947937,
    0.767355740070343,
    0.7677892446517944,
    0.7765713930130005,
    0.7772722840309143,
    0.8591735363006592,
    0.8598030209541321,
    0.8976370692253113
  ],
  "y_thresholds": [
    0.0,
    0.0,
    0.018518518656492233,
    0.018518518656492233,
    0.030026109889149666,
    0.030026109889149666,
    0.033557046204805374,
    0.033557046204805374,
    0.03747072443366051,
    0.03747072443366051,
    0.03846153989434242,
    0.03846153989434242,
    0.043478261679410934,
    0.043478261679410934,
    0.050034746527671814,
    0.050034746527671814,
    0.06468717008829117,
    0.06468717008829117,
    0.07692307978868484,
    0.07692307978868484,
    0.12432432174682617,
    0.12432432174682617,
    0.16470588743686676,
    0.16470588743686676,
    0.1666666716337204,
    0.1666666716337204,
    0.21875,
    0.21875,
    1.0,
    1.0
  ]
}