{
  "method": "isotonic",
  "x_thresholds": [
    0.03237010911107063,
    0.07241185009479523,
    0.07398723810911179,
    0.19138206541538239,
    0.19148299098014832,
    0.20887181162834167,
    0.2089458554983139,
    0.22008374333381653,
    0.22188009321689606,
    0.2853657007217407,
    0.28537261486053467,
    0.3385990262031555,
    0.33860069513320923,
    0.5819448828697205,
    0.5826236009597778,
    0.6131489872932434,
    0.614062488079071,
    0.6210893392562866,
    0.621213972568512,
    0.9526299834251404
  ],
  "y_thresholds": [
    0.0,
    0.0,
    0.03287671133875847,
    0.03287671133875847,
    0.03999999910593033,
    0.03999999910593033,
    0.0476190485060215,
    0.0476190485060215,
    0.04780876636505127,
    0.04780876636505127,
    0.05676855891942978,
    0.05676855891942978,
    0.057029176503419876,
    0.057029176503419876,
    0.07894736528396606,
    0.07894736528396606,
    0.0833333358168602,
    0.0833333358168602,
    0.09375,
    0.09375
  ]
}