{
  "method": "isotonic",
  "x_thresholds": [
    0.0758504569530487,
    0.1618606299161911,
    0.16279983520507812,
    0.295220285654068,
    0.2952680289745331,
    0.31367257237434387,
    0.31373631954193115,
    0.32106876373291016,
    0.321126788854599,
    0.33136627078056335,
    0.33144891262054443,
    0.34511134028434753,
    0.3451327979564667,
    0.5302885174751282,
    0.5303020477294922,
    0.696176290512085,
    0.6963512897491455,
    0.7005081176757812,
    0.7006383538246155,
    0.7680089473724365,
    0.7690413594245911,
    0.8445253968238831
  ],
  "y_thresholds": [
    0.0,
    0.0,
    0.02582644671201706,
    0.02582644671201706,
    0.02826855145394802,
    0.02826855145394802,
    0.03361344709992409,
    0.03361344709992409,
    0.03947368264198303,
    0.03947368264198303,
    0.0451388880610466,
    0.0451388880610466,
    0.055272337049245834,
    0.055272337049245834,
    0.0558583103120327,
    0.0558583103120327,
    0.125,
    0.125,
    0.14035087823867798,
    0.14035087823867798,
    0.2195121943950653,
    0.2195121943950653
  ]
}